City,Cloudiness,Country,Date,Humidity,Lat,Lng,Max Temp,Wind Speed
Ushuaia,75,AR,1580168236,87,-54.8,-68.3,48.2,24.16
Balassagyarmat,90,HU,1580168505,100,48.07,19.3,32.0,2.24
Fortuna,90,US,1580167912,87,40.6,-124.16,55.99,8.05
Luderitz,0,NA,1580168507,55,-26.65,15.16,64.4,14.99
Khatanga,1,RU,1580168507,92,71.97,102.5,-16.49,5.95
Tuatapere,79,NZ,1580168508,49,-46.13,167.68,66.0,5.01
Cape Town,68,ZA,1580168509,77,-33.93,18.42,62.01,9.17
Ucluelet,90,CA,1580168510,81,48.93,-125.55,46.4,12.75
Kapaa,90,US,1580168426,83,22.08,-159.32,78.8,5.82
Port-Gentil,20,GA,1580168511,88,-0.72,8.78,82.4,4.7
Binzhou,100,CN,1580168512,49,37.37,118.02,37.0,2.44
Kamaishi,75,JP,1580168513,74,39.27,141.88,30.2,8.05
Hilo,40,US,1580168513,54,19.73,-155.09,82.4,11.41
Tuni,68,IN,1580168514,87,17.35,82.55,71.82,0.27
Albany,75,US,1580168515,69,42.6,-73.97,37.4,12.75
Rikitea,79,PF,1580168515,78,-23.12,-134.97,80.01,10.31
Muncar,49,ID,1580168516,76,-8.43,114.33,82.74,1.03
Lata,75,PT,1580168517,93,40.16,-8.33,59.0,8.05
Punta Arenas,75,CL,1580168240,76,-53.15,-70.92,51.8,13.87
Upernavik,100,GL,1580167984,91,72.79,-56.15,-13.27,5.08
Hobart,75,AU,1580168371,42,-42.88,147.33,70.0,19.46
Vaini,75,TO,1580167957,78,-21.2,-175.2,82.4,4.7
East London,98,ZA,1580168521,73,-33.02,27.91,66.9,6.4
Moanda,84,GA,1580168522,75,-1.56,13.22,74.37,2.82
Mar del Plata,0,AR,1580168415,67,-38.0,-57.56,61.0,8.05
Namatanai,56,PG,1580168524,74,-3.67,152.43,83.97,7.09
Tamandare,98,BR,1580168525,81,-8.76,-35.1,81.27,14.76
Doha,0,QA,1580168516,62,25.29,51.53,57.2,4.7
Jamestown,90,US,1580167949,92,42.1,-79.24,33.01,11.41
Longyearbyen,34,SJ,1580167945,77,78.22,15.64,3.2,3.36
Geraldton,0,AU,1580168529,83,-28.77,114.6,71.6,3.36
Lianzhou,0,CN,1580168529,82,24.78,112.38,33.94,5.23
Narsaq,99,GL,1580168082,61,60.92,-46.05,14.0,3.36
Bluff,11,NZ,1580168531,49,-46.6,168.33,66.0,5.01
Mataura,69,NZ,1580168532,49,-46.19,168.86,66.0,5.01
Port Alfred,100,ZA,1580168532,82,-33.59,26.89,60.01,1.99
Clyde River,5,CA,1580168533,67,70.47,-68.59,-23.8,4.7
Sri Aman,80,MY,1580168256,100,1.24,111.46,75.2,1.45
Ankara,75,TR,1580168385,74,39.92,32.85,39.0,4.27
Arraial do Cabo,75,BR,1580168536,83,-22.97,-42.03,78.8,13.87
Dikson,96,RU,1580168537,97,73.51,80.55,-10.57,4.74
Yellowknife,90,CA,1580168538,92,62.46,-114.35,21.2,12.75
Nizhniy Kuranakh,88,RU,1580168538,94,58.84,125.49,0.19,7.18
Atuona,59,PF,1580168539,74,-9.8,-139.03,81.7,10.25
Lagoa,100,PT,1580168250,93,39.05,-27.98,63.91,23.4
Mahebourg,75,MU,1580168017,73,-20.41,57.7,75.2,6.67
Hervey Bay,75,AU,1580168542,88,-25.3,152.85,84.99,11.41
Erzin,75,TR,1580168214,100,36.96,36.2,50.0,2.24
Tanete,68,ID,1580168544,86,-3.94,119.78,81.23,0.87
Souillac,75,MU,1580168544,73,-20.52,57.52,75.2,6.67
Patacamaya,100,BO,1580168545,81,-17.23,-67.92,43.32,6.64
Vuktyl,100,RU,1580168546,97,63.86,57.31,-13.94,5.97
Ponta do Sol,20,PT,1580168547,77,32.67,-17.1,59.0,4.7
Aklavik,90,CA,1580168163,67,68.22,-135.01,-22.0,9.17
Tasiilaq,98,GL,1580168548,58,65.61,-37.64,28.4,1.12
Ontario,1,US,1580168528,22,34.06,-117.65,75.2,11.41
Mehamn,75,NO,1580168550,78,71.04,27.85,12.2,5.82
Cidreira,30,BR,1580167968,84,-30.18,-50.21,75.04,19.51
Gimli,85,CA,1580168551,97,50.63,-96.99,18.0,1.68
Caruray,20,PH,1580168552,88,10.31,119.01,77.0,4.7
Sao Filipe,0,CV,1580168553,56,14.9,-24.5,74.48,15.73
Busselton,0,AU,1580168553,31,-33.65,115.33,82.99,4.38
Aripuana,96,BR,1580168554,92,-9.17,-60.63,76.69,0.85
Puerto Ayora,75,EC,1580168555,62,-0.74,-90.35,84.2,4.7
Uchaly,100,RU,1580168555,85,54.3,59.45,1.8,7.78
Lorengau,87,PG,1580168036,78,-2.02,147.27,84.33,13.53
Sandnessjoen,100,NO,1580168558,64,66.02,12.63,35.6,21.92
San Bartolome de Tirajana,20,ES,1580168558,72,27.92,-15.57,62.6,17.22
Torbay,75,CA,1580167744,88,47.67,-52.73,36.0,16.11
Pindiga,3,NG,1580168560,20,9.98,10.93,67.57,12.48
Thompson,90,CA,1580167739,92,55.74,-97.86,10.4,2.24
Tiksi,100,RU,1580168015,91,71.69,128.87,-21.26,3.67
Husavik,85,IS,1580168562,85,66.04,-17.34,15.8,12.75
Eyl,72,SO,1580168563,74,7.98,49.82,76.32,27.6
Saskylakh,49,RU,1580168563,97,71.92,114.08,-25.01,3.0
Manoel Urbano,99,BR,1580168564,78,-8.84,-69.26,80.55,1.86
Bilibino,100,RU,1580168239,84,68.05,166.44,0.01,2.51
Chapais,1,CA,1580168565,85,49.78,-74.85,17.6,8.05
Salalah,0,OM,1580168566,27,17.02,54.09,64.4,19.46
Poum,93,NC,1580168221,79,-20.23,164.02,79.75,20.33
Qaanaaq,62,GL,1580168568,62,77.48,-69.36,-11.87,3.29
Cabo San Lucas,20,MX,1580168489,60,22.89,-109.91,75.2,13.87
Najran,5,SA,1580168570,48,17.49,44.13,44.6,4.7
Dingle,76,PH,1580167952,86,11.0,122.67,76.57,6.35
Bintulu,75,MY,1580168571,100,3.17,113.03,77.0,1.68
Calbuco,75,CL,1580168572,93,-41.77,-73.13,62.6,2.24
Kargil,100,IN,1580168572,99,34.57,76.1,-4.49,1.36
Iquitos,41,PE,1580168573,70,-3.75,-73.25,87.8,4.7
Port Elizabeth,100,ZA,1580168574,82,-33.92,25.57,59.0,5.82
Lompoc,1,US,1580168575,72,34.64,-120.46,72.0,20.8
Ciudad Bolivar,29,VE,1580168575,52,8.12,-63.55,84.87,10.71
Port Hardy,75,CA,1580168576,75,50.7,-127.42,46.4,23.04
Henties Bay,0,NA,1580168577,91,-22.12,14.28,63.0,6.24
Grindavik,90,IS,1580168578,73,63.84,-22.43,33.8,5.82
Richards Bay,98,ZA,1580168579,67,-28.78,32.04,72.03,6.46
Santiago del Estero,19,AR,1580168580,56,-27.8,-64.26,77.5,4.79
Kayerkan,40,RU,1580168580,77,69.35,87.76,5.0,22.37
Kisangani,78,CD,1580168581,55,0.52,25.2,71.64,1.95
Zharkent,100,KZ,1580168582,95,44.16,80.0,22.32,5.41
Hermanus,58,ZA,1580168583,95,-34.42,19.23,59.0,3.58
Lixouri,2,GR,1580168583,70,38.2,20.43,57.69,20.0
Navirai,45,BR,1580168584,67,-23.07,-54.19,76.8,1.45
Provideniya,90,RU,1580168585,84,64.38,-173.3,-0.4,6.71
Ilulissat,90,GL,1580168586,65,69.22,-51.1,6.8,4.7
Pacific Grove,40,US,1580168373,87,36.62,-121.92,62.6,6.93
Ixtapa,40,MX,1580168409,57,20.7,-105.2,80.6,9.17
Morehead,90,US,1580168596,80,37.27,-87.18,41.0,6.93
Ancud,75,CL,1580168260,87,-41.87,-73.82,60.8,16.11
Millinocket,90,US,1580168321,74,45.66,-68.71,37.0,8.05
Hithadhoo,100,MV,1580168599,80,-0.6,73.08,81.37,15.57
Nabire,93,ID,1580168413,77,-3.37,135.48,81.66,1.03
Vestmannaeyjar,96,IS,1580168600,67,63.44,-20.27,40.06,22.32
Tuktoyaktuk,20,CA,1580168032,68,69.45,-133.04,-20.2,16.11
Ribeira Grande,75,PT,1580168601,93,38.52,-28.7,64.4,17.22
Itoman,75,JP,1580168602,68,26.12,127.67,64.4,12.75
San Andres,20,CO,1580168603,61,12.58,-81.7,82.4,4.7
Maceio,100,BR,1580168418,83,-9.67,-35.74,80.6,8.05
Nuuk,75,GL,1580168481,78,64.18,-51.72,12.2,6.93
Codrington,98,AU,1580168605,85,-38.27,141.97,60.26,10.71
Grand Gaube,75,MU,1580168606,73,-20.01,57.66,75.2,9.64
Hede,98,CN,1580168607,87,33.77,120.25,39.42,13.11
Antalaha,80,MG,1580168516,77,-14.9,50.28,79.63,15.77
Imbituba,75,BR,1580168608,83,-28.24,-48.67,77.0,3.36
Vostok,0,RU,1580168014,74,46.49,135.88,16.07,2.39
Praia da Vitoria,75,PT,1580168609,93,38.73,-27.07,64.4,33.62
Cockburn Town,0,TC,1580168610,72,21.46,-71.14,76.46,5.37
San Cristobal,40,VE,1580168423,65,7.77,-72.22,82.4,9.17
Inuvik,90,CA,1580168428,67,68.35,-133.72,-22.0,9.17
Shenzhen,20,CN,1580168172,61,22.55,114.07,52.0,15.66
Moose Factory,90,CA,1580168614,85,51.26,-80.61,12.2,9.17
Saldanha,90,ZA,1580168101,72,-33.01,17.94,59.0,5.82
Faanui,77,PF,1580168036,73,-16.48,-151.75,83.26,10.76
Maningrida,93,AU,1580168617,81,-12.07,134.27,84.96,17.47
Talnakh,40,RU,1580168617,77,69.49,88.4,5.0,22.37
Akdepe,0,TM,1580168618,74,42.06,59.38,28.4,11.41
Belyy Yar,40,RU,1580168619,84,53.6,91.39,5.0,2.24
Tokonou,92,GN,1580168619,14,9.65,-9.78,69.53,2.46
Kodiak,20,US,1580168620,61,57.79,-152.41,17.6,9.17
Kumul,68,CN,1580168621,65,42.8,93.45,10.44,0.38
Anloga,25,GH,1580168622,78,5.79,0.9,77.0,6.22
Macusani,100,PE,1580168622,93,-14.08,-70.43,37.0,3.31
Constitucion,0,CL,1580168623,76,-35.33,-72.42,61.47,12.71
Nefteyugansk,40,RU,1580168624,84,61.1,72.6,-0.4,11.18
Lewisporte,90,CA,1580168625,92,49.25,-55.05,30.2,17.22
Humaita,43,BR,1580168626,84,-7.51,-63.02,79.92,3.36
Charagua,75,BO,1580168627,61,-19.8,-63.22,77.0,5.82
Vila Franca do Campo,40,PT,1580168627,93,37.72,-25.43,62.6,19.46
Pevek,67,RU,1580168053,90,69.7,170.31,-4.16,2.57
Agadez,53,NE,1580168629,11,19.75,10.25,63.09,4.61
Saint-Philippe,75,RE,1580168629,64,-21.36,55.77,73.4,9.17
Nikolskoye,90,RU,1580168630,85,59.7,30.79,24.8,6.71
Saint-Donat-de-Montcalm,98,CA,1580168631,8,46.32,-74.22,30.0,1.01
Bambous Virieux,75,MU,1580168632,73,-20.34,57.76,75.2,10.83
Ikalamavony,1,MG,1580168632,89,-21.15,46.58,66.87,3.85
Hokitika,99,NZ,1580168524,89,-42.72,170.97,64.38,6.13
Castro,90,BR,1580168634,81,-24.79,-50.01,68.2,2.1
Amazar,37,RU,1580168634,94,53.86,120.88,-6.61,3.06
Atar,27,MR,1580168635,24,20.52,-13.05,69.8,11.88
Avarua,100,CK,1580168631,100,-21.21,-159.78,75.2,2.24
Saint George,1,US,1580168407,25,37.1,-113.58,62.01,9.17
Turaif,98,SA,1580168638,93,31.67,38.66,37.4,6.93
Laas,90,IT,1580168079,100,46.62,10.7,36.0,27.51
Ahipara,0,NZ,1580168070,62,-35.17,173.17,91.0,1.01
Vicuna,75,CL,1580168640,82,-30.03,-70.71,66.2,8.05
Santa Cruz de la Sierra,75,BO,1580168343,94,-17.8,-63.17,75.2,19.46
Miraflores,20,MX,1580168641,28,19.22,-98.81,84.2,18.34
Bengkulu,95,ID,1580168556,83,-3.8,102.27,74.97,3.04
Arrondissement de Bernay,20,FR,1580168643,87,49.17,0.67,46.0,17.22
Santa Ines,100,BR,1580168644,96,-3.67,-45.38,74.98,3.04
Verkhnevilyuysk,75,RU,1580168644,98,63.45,120.32,-29.51,1.39
Vardo,75,NO,1580168645,92,70.37,31.11,10.4,13.87
New Norfolk,75,AU,1580168646,42,-42.78,147.06,70.0,19.46
Bandarbeyla,66,SO,1580168647,68,9.49,50.81,76.33,25.52
Severo-Kuril'sk,97,RU,1580168643,90,50.68,156.12,27.14,8.77
Chui,0,UY,1580168648,77,-33.7,-53.46,62.56,7.81
Bredasdorp,80,ZA,1580168649,82,-34.53,20.04,57.2,2.24
San Angelo,20,US,1580168649,25,31.46,-100.44,75.2,12.75
Nouadhibou,61,MR,1580168650,59,20.93,-17.03,66.2,17.22
Lajedo,97,BR,1580168492,85,-8.66,-36.32,72.91,12.33
Benghazi,11,LY,1580168652,77,32.12,20.07,59.76,11.43
Inirida,50,CO,1580168652,79,3.87,-67.92,80.13,1.39
Shingu,75,JP,1580168653,63,33.73,135.98,60.8,5.82
Kuldur,0,RU,1580168654,93,49.22,131.63,4.24,3.4
Tura,0,IN,1580168654,73,25.52,90.22,54.75,3.83
Esperance,0,AU,1580168655,77,-33.87,121.9,69.8,10.29
Evensk,100,RU,1580168656,94,61.95,159.23,18.34,5.64
Kiryat Gat,97,IL,1580168657,93,31.61,34.76,50.0,3.36
Batemans Bay,100,AU,1580168657,83,-35.72,150.18,73.0,3.0
Aguimes,20,ES,1580168658,72,27.91,-15.45,62.6,16.11
Planeta Rica,20,CO,1580168579,66,8.41,-75.59,84.2,12.75
Idrinskoye,82,RU,1580168660,93,54.37,92.14,10.27,3.38
Keffi,0,NG,1580168660,18,8.85,7.87,70.39,5.1
Guerrero Negro,10,MX,1580168662,65,27.98,-114.06,64.09,12.48
Paamiut,11,GL,1580168663,65,61.99,-49.67,12.63,16.26
Gamba,69,GA,1580168664,86,-2.65,10.0,77.94,2.06
Berbera,52,SO,1580168665,68,10.44,45.01,77.05,8.63
Nara,40,JP,1580168408,62,34.69,135.8,57.0,21.92
Brebes,64,ID,1580168666,82,-6.87,109.04,79.97,2.57
Fomboni,37,KM,1580168667,74,-12.28,43.74,82.74,12.41
Hong Kong,40,HK,1580168385,61,22.29,114.16,52.0,11.41
Lebu,26,CL,1580168129,79,-37.62,-73.65,61.11,11.01
Airai,84,TL,1580168670,74,-8.93,125.41,76.75,2.06
Conde,20,BR,1580168671,78,-7.26,-34.91,82.4,9.17
Sangueya,100,GN,1580168672,88,10.7,-14.37,74.03,6.04
Kunming,20,CN,1580168673,100,25.04,102.72,35.6,2.24
George Town,20,MY,1580168673,94,5.41,100.34,80.6,3.36
Bafia,0,CM,1580168667,71,4.75,11.23,67.55,3.33
Sayat,90,TM,1580168676,100,38.78,63.88,23.0,2.24
Teguise,20,ES,1580168676,77,29.06,-13.56,62.6,10.29
Cayenne,75,GF,1580168665,83,4.93,-52.33,80.6,3.36
Tres Arroyos,0,AR,1580168678,35,-38.37,-60.28,65.03,15.21
Boa Vista,62,BR,1580168659,46,2.82,-60.67,89.6,10.29
Xining,78,CN,1580168679,70,36.62,101.77,12.78,3.78
Perene,100,PE,1580168680,95,-10.95,-75.23,67.68,2.1
Faya,20,SA,1580168682,39,18.39,42.45,50.0,3.74
Berlevag,75,NO,1580168683,78,70.86,29.09,12.2,5.82
Fayetteville,90,US,1580168684,100,35.05,-78.88,51.8,8.05
Sabang,100,ID,1580168684,77,5.89,95.32,81.0,15.23
Leh,95,IN,1580168685,66,34.17,77.58,-10.03,4.59
Pisco,39,PE,1580168686,30,-13.7,-76.22,71.6,19.46
Notse,32,TG,1580168686,56,6.95,1.17,76.64,4.45
Grafton,90,US,1580168557,69,42.21,-71.69,42.8,8.05
Seredka,100,RU,1580168689,93,58.16,28.19,35.6,2.24
Mersa Matruh,8,EG,1580168689,81,31.35,27.25,50.0,7.78
Linqiong,40,CN,1580168419,100,30.42,103.46,42.8,2.13
Mossamedes,99,AO,1580168691,78,-15.2,12.15,75.63,2.59
Pangody,99,RU,1580168692,96,65.85,74.49,-4.76,13.91
Brae,77,GB,1580168693,73,60.4,-1.35,41.0,11.41
Isangel,34,VU,1580168694,66,-19.55,169.27,86.0,8.05
Byumba,97,RW,1580168694,82,-1.58,30.07,68.0,1.54
Sonari,61,IN,1580168695,90,27.07,95.03,54.37,1.34
Leningradskiy,94,RU,1580168696,96,69.38,178.42,-9.2,9.17
Olafsvik,88,IS,1580168698,86,64.89,-23.71,32.41,11.52
Ostrovnoy,60,RU,1580168699,98,68.05,39.51,6.31,6.04
Broken Hill,0,AU,1580168700,26,-31.95,141.43,78.8,12.75
Norman Wells,75,CA,1580168701,68,65.28,-126.83,-16.6,12.75
Palmas,90,BR,1580168701,100,-10.21,-48.36,75.2,1.7
Sitka,90,US,1580168702,76,57.05,-135.33,37.4,10.29
Polonnaruwa,77,LK,1580168705,93,7.93,81.0,66.42,2.28
Hammerfest,44,NO,1580168706,71,70.66,23.68,8.6,23.04
Chunoyar,100,RU,1580168706,95,57.45,97.32,9.93,5.41
Srednekolymsk,98,RU,1580168707,97,67.45,153.68,-23.49,4.85
Hasaki,75,JP,1580168708,93,35.73,140.83,44.6,11.41
Bystryy Istok,100,RU,1580168708,88,52.37,84.39,24.6,5.79
Hamilton,90,US,1580168709,80,39.18,-84.53,35.01,3.36
Grajau,100,BR,1580168711,98,-5.82,-46.14,73.11,2.21
Kahului,20,US,1580168556,48,20.89,-156.47,84.2,16.11
Tiznit,95,MA,1580168712,41,29.58,-9.5,55.33,3.74
Barrow,40,US,1580168713,74,71.29,-156.79,-23.8,6.93
Labuhan,72,ID,1580168713,85,-6.88,112.21,78.87,2.48
Marystown,66,CA,1580168714,92,47.17,-55.15,32.38,14.03
Kincardine,51,GB,1580168715,93,56.07,-3.72,36.0,6.93
Esmeraldas,75,BR,1580168716,83,-19.76,-44.31,73.4,5.82
Susehri,100,TR,1580168716,71,40.16,38.09,23.58,3.44
Korla,0,CN,1580168265,57,41.76,86.15,13.93,4.74
Parrita,75,CR,1580168718,88,9.52,-84.32,73.4,5.82
Mananara,85,MG,1580168719,66,-16.17,49.77,79.83,6.96
Nador,0,MA,1580168231,50,35.17,-2.93,57.2,4.7
Kavieng,31,PG,1580168720,75,-2.57,150.8,84.72,7.58
Kinablangan,51,PH,1580168721,81,7.69,126.55,78.35,1.39
Isfana,90,KG,1580168722,86,39.84,69.53,37.4,4.47
Berezniki,100,RU,1580168722,98,59.42,56.81,-7.73,6.08
Kununurra,93,AU,1580168723,74,-15.77,128.73,86.0,2.24
Antsohihy,71,MG,1580168724,96,-14.88,47.99,73.69,1.63
Togur,100,RU,1580168724,90,58.36,82.83,19.2,10.94
Hambantota,80,LK,1580168184,75,6.12,81.12,75.87,17.52
Buchmany,52,UA,1580168726,89,51.07,28.04,29.86,5.12
Tonekabon,0,IR,1580168727,80,36.82,50.87,41.0,10.54
Zhangjiakou,100,CN,1580168728,88,40.81,114.88,16.11,5.7
Lakeway,1,US,1580168618,67,30.36,-97.98,69.01,6.93
Olinda,40,BR,1580168729,74,-8.01,-34.86,84.2,9.17
Lichinga,100,MZ,1580168730,92,-13.31,35.24,69.66,3.13
Simplicio Mendes,65,BR,1580168731,94,-7.85,-41.91,73.18,2.75
Sao Joao dos Patos,82,BR,1580168732,95,-6.5,-43.7,74.1,3.04
Monrovia,20,LR,1580168694,94,6.3,-10.8,77.0,8.19
Vallentuna,90,SE,1580168734,100,59.53,18.08,42.01,8.05
Chokurdakh,100,RU,1580168735,97,70.63,147.92,-21.53,7.34
Butaritari,54,KI,1580168736,77,3.07,172.79,84.58,21.39
Trofors,100,NO,1580168736,64,65.53,13.41,35.6,21.92
Gweta,76,BW,1580168737,57,-20.18,25.23,76.93,3.33
Fairbanks,75,US,1580168204,67,64.84,-147.72,-22.0,2.3
Adrar,21,MR,1580168257,23,20.5,-10.07,70.83,10.65
Van Buren,1,US,1580168740,58,35.44,-94.35,60.8,1.19
Necochea,0,AR,1580168544,75,-38.55,-58.74,60.01,1.99
Medea,20,DZ,1580168741,93,36.26,2.75,42.8,2.24
Portland,90,US,1580168089,93,45.52,-122.68,51.01,16.11
Margate,75,GB,1580168743,93,51.38,1.39,45.0,10.29
Khabary,49,RU,1580168744,92,53.63,79.53,13.08,13.33
Matagami,90,CA,1580168744,92,49.75,-77.63,15.8,12.75
Vryburg,0,ZA,1580168745,29,-26.96,24.73,56.61,2.55
Gummidipundi,20,IN,1580168746,83,13.4,80.15,75.99,3.36
Hailar,0,CN,1580168747,99,49.2,119.7,-7.24,3.29
Kovur,98,IN,1580168748,85,14.48,79.98,70.52,10.04
Oranjemund,1,NA,1580168749,81,-28.55,16.43,61.29,6.11
Wasilla,1,US,1580168749,59,61.58,-149.44,6.8,5.82
Veraval,4,IN,1580168750,88,20.9,70.37,60.55,7.16
Beringovskiy,79,RU,1580168751,78,63.05,179.32,11.32,6.2
Taoudenni,0,ML,1580168752,24,22.68,-3.98,72.7,12.88
Marawi,100,PH,1580168752,90,8.0,124.29,78.01,5.01
Saint-Pierre,75,RE,1580168706,64,-21.34,55.48,73.4,9.17
Yumen,0,CN,1580168754,63,40.28,97.2,14.31,3.85
Kaitangata,58,NZ,1580168754,63,-46.28,169.85,68.0,7.47
Guanambi,79,BR,1580168755,93,-14.22,-42.78,72.48,4.09
La Palma,1,US,1580168718,35,33.85,-118.05,73.99,3.36
Hualmay,93,PE,1580168757,81,-11.1,-77.61,71.02,5.3
Nanortalik,0,GL,1580168757,64,60.14,-45.24,21.38,28.79
Ocampo,0,MX,1580168758,24,21.65,-101.5,60.82,10.09
Hurghada,0,EG,1580168667,62,27.26,33.81,51.8,10.71
Oudtshoorn,95,ZA,1580168759,87,-33.59,22.2,57.2,3.36
Adelaide,17,AU,1580168468,68,-34.93,138.6,77.0,3.36
Rio Gallegos,90,AR,1580168761,82,-51.62,-69.22,59.0,18.34
Bethel,90,US,1580168762,60,41.37,-73.41,42.8,6.93
Lavrentiya,73,RU,1580168475,70,65.58,-171.0,-10.26,2.57
Karratha,0,AU,1580168763,77,-20.74,116.85,84.45,11.9
Carbonia,100,IT,1580168764,93,39.17,8.52,51.8,2.24
Lima,75,PE,1580168603,78,-12.04,-77.03,77.0,14.99
Maniitsoq,100,GL,1580168765,91,65.42,-52.9,8.65,4.43
Neuquen,12,AR,1580168722,23,-38.95,-68.06,87.8,4.7
Sao Luis de Montes Belos,84,BR,1580168767,97,-16.52,-50.37,69.91,3.31
Heidenheim,100,DE,1580168768,87,48.68,10.15,45.0,8.05
Bubaque,100,GW,1580168769,64,11.28,-15.83,78.33,11.36
Pirai do Sul,59,BR,1580168770,77,-24.53,-49.95,66.11,0.74
Canete,59,CL,1580168770,86,-37.8,-73.4,59.27,10.98
Ust-Kuyga,0,RU,1580168771,83,70.02,135.6,-42.41,9.15
Saint-Augustin,100,CA,1580168772,93,51.23,-58.65,21.25,26.89
San Lazaro,20,BZ,1580168772,78,18.04,-88.66,82.4,5.82
Aswan,12,EG,1580168773,61,24.09,32.91,52.92,5.66
Ambunti,100,PG,1580168774,98,-4.24,142.84,74.71,2.62
Lermontovka,0,RU,1580168775,81,47.15,134.34,10.96,1.66
Cabedelo,20,BR,1580168179,78,-6.98,-34.83,82.4,9.17
Herat,0,AF,1580168776,78,34.5,62.0,27.95,9.73
Claremore,1,US,1580168702,73,36.31,-95.62,68.0,4.7
Malakal,48,SS,1580168777,19,9.53,31.66,69.01,6.44
Kavaratti,22,IN,1580168778,66,10.57,72.64,79.92,6.58
Walvis Bay,0,NA,1580168779,87,-22.96,14.51,63.0,4.7
Mizdah,0,LY,1580168780,80,31.45,12.98,49.93,4.18
Xalapa,49,MX,1580168713,98,19.53,-96.92,56.93,2.8
Barabinsk,46,RU,1580168781,94,55.36,78.36,11.07,10.27
Balikpapan,40,ID,1580168782,100,-1.27,116.83,78.8,4.7
Murray Bridge,12,AU,1580168782,70,-35.12,139.27,78.01,1.01
Mahibadhoo,64,MV,1580168783,76,3.78,72.97,80.55,10.25
Saint-Leu,75,RE,1580168784,64,-21.15,55.28,73.4,9.17
Noshiro,75,JP,1580168785,64,40.2,140.02,39.2,5.82
Jos,9,NG,1580168785,24,9.92,8.9,58.98,3.02
Leshukonskoye,89,RU,1580168786,99,64.9,45.76,-6.68,5.53
Laguna,1,US,1580168787,67,38.42,-121.42,66.2,8.05
Cherskiy,50,RU,1580168788,90,68.75,161.3,-13.5,5.03
Sao Paulo de Olivenca,46,BR,1580168788,74,-3.38,-68.87,81.79,2.8
Hongjiang,42,CN,1580168790,91,27.11,110.0,32.65,1.36
Sur,0,OM,1580168790,57,22.57,59.53,63.3,10.92
Lensk,32,RU,1580168791,98,60.73,114.93,-2.06,5.5
Ambilobe,100,MG,1580168792,92,-13.2,49.05,73.83,6.2
Luwingu,100,ZM,1580168793,95,-10.26,29.93,63.12,2.53
Toccoa,1,US,1580168793,57,34.58,-83.33,51.8,5.55
Anadyr,75,RU,1580168794,84,64.75,177.48,1.4,6.71
Ketchikan,90,US,1580168795,80,55.34,-131.65,42.8,26.4
Sept-Iles,90,CA,1580168749,72,50.2,-66.38,18.0,11.41
Phra Phutthabat,60,TH,1580168797,75,14.73,100.8,73.99,6.73
Kerman,0,IR,1580168799,58,30.28,57.08,26.6,4.7
Powell River,90,CA,1580168799,87,49.85,-124.54,48.0,18.34
Middletown,90,US,1580168655,85,39.52,-84.4,35.01,4.7
Tynda,38,RU,1580168801,96,55.17,124.72,-10.88,2.28
Belmonte,20,BR,1580168802,88,-15.86,-38.88,78.8,6.93
Victor Harbor,30,AU,1580168802,68,-35.57,138.62,78.01,3.36
Oistins,41,BB,1580168803,69,13.07,-59.53,78.8,9.17
Bahar,0,IR,1580168804,70,34.91,48.44,22.01,1.61
Mountain Home,75,US,1580168701,57,43.13,-115.69,48.2,5.82
Kirakira,100,SB,1580168806,74,-10.45,161.92,84.27,8.75
La Rioja,90,ES,1580168807,93,42.25,-2.5,44.01,2.24
Urengoy,100,RU,1580168807,93,65.97,78.37,7.59,13.04
Lashio,0,MM,1580168808,73,22.93,97.75,44.51,1.97
Caiaponia,60,BR,1580168809,91,-16.96,-51.81,70.59,4.09
Klaksvik,35,FO,1580168809,93,62.23,-6.59,35.6,3.36
Deputatsky,96,RU,1580168810,69,69.3,139.9,-31.5,6.02
Escanaba,90,US,1580168811,92,45.75,-87.06,32.0,4.7
Petropavlovsk-Kamchatsky,79,RU,1580168812,73,53.05,158.65,24.8,4.47
OEstersund,100,SE,1580168813,98,63.18,14.64,33.01,10.29
Mareeba,75,AU,1580168814,94,-17.0,145.43,80.01,8.05
Laurel,90,US,1580168555,60,39.1,-76.85,46.4,12.75
Shenjiamen,61,CN,1580168815,75,29.96,122.3,44.78,22.86
Baglung,0,NP,1580168816,37,28.27,83.59,30.78,8.84
Marrakesh,15,MA,1580168817,70,31.63,-8.01,48.2,4.7
Huaicheng,15,CN,1580168817,72,23.91,112.19,40.1,3.09
Chinhoyi,0,ZW,1580168818,78,-17.37,30.2,66.79,5.97
Cheney,40,US,1580168819,75,47.49,-117.58,44.6,9.17
City of San Pedro,40,PH,1580168820,83,14.35,121.02,75.99,3.36
Copiapo,40,CL,1580168820,68,-27.37,-70.33,69.8,10.29
Caravelas,100,BR,1580168702,88,-17.71,-39.25,80.64,16.64
Ormara,0,PK,1580168822,50,25.21,64.64,63.14,29.53
Alushta,64,UA,1580168823,78,44.67,34.42,47.62,6.13
Elizabeth City,1,US,1580168824,70,36.29,-76.25,52.0,4.97
Alofi,40,NU,1580168631,78,-19.06,-169.92,82.4,8.05
Zhigansk,76,RU,1580168825,87,66.77,123.37,-30.17,6.29
Tsimmerbude,90,RU,1580168826,93,54.67,20.13,35.6,11.18
Quatre Cocos,75,MU,1580168827,73,-20.21,57.76,75.2,12.41
Vieques,40,PR,1580168827,88,18.43,-65.83,78.01,9.17
Greenwood,1,US,1580168738,57,34.17,-82.12,53.6,3.36
Murliganj,0,IN,1580168829,82,25.9,86.98,54.52,2.8
Hohhot,100,CN,1580168830,85,40.81,111.65,10.4,4.47
Anito,56,PH,1580168831,76,12.45,125.29,80.78,4.74
Clearwater,90,US,1580168766,72,27.97,-82.8,68.0,4.7
Hofn,81,IS,1580168832,56,64.25,-15.21,40.73,8.95
Barcelos,90,PT,1580168241,100,41.54,-8.62,57.2,11.41
Carnarvon,90,AU,1580168834,100,-24.87,113.63,75.2,16.11
Isabela,20,PH,1580168835,83,6.71,121.97,80.6,2.24
Mount Isa,75,AU,1580168835,88,-20.73,139.5,78.8,10.29
Lagos,91,NG,1580168690,83,6.58,3.75,77.0,2.24
Sisimiut,100,GL,1580168837,94,66.94,-53.67,-0.17,5.57
Banda Aceh,100,ID,1580168837,94,5.56,95.32,74.98,2.24
Kruisfontein,100,ZA,1580168838,80,-34.0,24.73,56.28,3.24
Salinopolis,100,BR,1580168839,80,-0.61,-47.36,81.99,13.94
Mount Gambier,40,AU,1580168838,68,-37.83,140.77,66.2,12.75
Prelouc,100,CZ,1580168840,86,50.04,15.56,35.6,5.82
Obera,73,AR,1580168681,57,-27.49,-55.12,75.38,2.01
Mitu,83,CO,1580168842,76,1.2,-70.17,79.77,2.46
Suslonger,40,RU,1580168843,84,56.32,48.25,6.8,8.95
Mengcheng,44,CN,1580168844,82,33.26,116.57,33.39,5.37
Abnub,30,EG,1580168845,57,27.27,31.15,50.0,3.36
Teguldet,100,RU,1580168845,94,57.31,88.17,24.8,10.96
Baruun-Urt,57,MN,1580168846,90,46.68,113.28,-3.1,4.07
Altus,1,US,1580168847,48,34.64,-99.33,69.8,13.87
Beeskow,75,DE,1580168848,81,52.17,14.25,43.0,12.75
Bolisong,68,PH,1580168848,82,9.69,123.15,77.07,6.02
Coyhaique,90,CL,1580168640,77,-45.58,-72.07,59.0,11.41
Kayes,44,ML,1580168850,8,14.0,-11.0,80.04,7.23
Alberdi,5,AR,1580168851,41,-32.89,-60.69,78.01,8.05
Svirstroy,100,RU,1580168851,58,60.8,33.72,19.2,9.19
Ukholovo,100,RU,1580168852,88,53.79,40.49,22.75,10.16
Mangaratiba,40,BR,1580168853,88,-22.96,-44.04,82.4,5.82
Aboisso,10,CI,1580168854,87,5.47,-3.21,75.18,2.15
Bathsheba,41,BB,1580168828,69,13.22,-59.52,78.8,9.17
Olpad,0,IN,1580168855,76,21.33,72.75,62.38,3.4
Mil'kovo,100,RU,1580168856,94,54.72,158.62,19.81,1.16
Vila Velha,90,BR,1580168857,94,-20.33,-40.29,77.0,11.41
Santa Maria,40,BR,1580168857,65,-29.68,-53.81,80.6,8.05
Krasnosel'kup,99,RU,1580168844,94,65.7,82.47,14.58,14.43
Los Llanos de Aridane,75,ES,1580168859,59,28.66,-17.92,64.4,8.05
Loknya,100,RU,1580168859,98,56.83,30.15,34.81,2.66
Camacha,20,PT,1580168860,77,33.08,-16.33,59.0,4.12
Comodoro Rivadavia,42,AR,1580168702,26,-45.87,-67.5,82.4,20.8
Golcuv Jenikov,100,CZ,1580168862,80,49.82,15.48,35.6,10.29
Flinders,75,AU,1580168862,83,-34.58,150.86,82.99,11.41
Dali,6,CN,1580168863,91,25.7,100.18,27.97,1.57
Westerland,100,DE,1580168864,94,54.91,8.3,43.0,3.0
Hobyo,100,SO,1580168865,74,5.35,48.53,76.8,22.55
Yangi Marg`ilon,2,UZ,1580168866,80,40.43,71.72,35.6,2.24
Bealanana,43,MG,1580168867,94,-14.55,48.73,66.33,1.63
Haines Junction,85,CA,1580168867,94,60.75,-137.51,14.38,6.96
Teya,100,RU,1580168868,93,60.38,92.63,14.88,6.51
Lakes Entrance,100,AU,1580168869,81,-37.88,147.98,69.01,1.01
Pancol,59,PH,1580168869,76,10.87,119.42,78.84,3.22
Edd,10,ER,1580168870,74,13.93,41.69,73.33,1.9
Kamen'-Rybolov,100,RU,1580168871,89,44.75,132.04,9.64,2.48
San Patricio,5,MX,1580168872,69,19.22,-104.7,80.6,13.87
Rocha,47,UY,1580168872,76,-34.48,-54.33,54.88,3.74
Fairmont,90,US,1580168800,95,39.49,-80.14,37.4,4.7
Tuensang,12,IN,1580168874,95,26.28,94.83,41.92,3.13
Craig,90,US,1580168875,86,40.52,-107.55,33.8,5.82
Kudahuvadhoo,69,MV,1580168876,73,2.67,72.89,81.1,9.98
Khovd,0,MN,1580168877,59,48.01,91.64,5.49,2.1
Iqaluit,90,CA,1580168877,76,63.75,-68.51,-5.01,5.68
Nangwa,100,TZ,1580168878,98,-4.47,35.45,60.24,2.75
Qui Nhon,100,VN,1580168879,91,13.77,109.23,68.77,2.42
Nicoya,20,CR,1580168702,58,10.15,-85.45,86.0,8.05
Aberdeen,80,GB,1580168650,71,57.14,-2.1,35.01,4.7
Jiaxing,75,CN,1580168881,86,30.75,120.75,42.01,6.71
Aksarka,92,RU,1580168882,97,66.56,67.8,-12.62,12.95
North Bend,90,US,1580168882,93,43.41,-124.22,55.0,7.29
Broome,90,US,1580168883,86,42.25,-75.83,34.0,12.75
Tabou,6,CI,1580168884,87,4.42,-7.35,78.22,4.12
Dunedin,84,NZ,1580168853,63,-45.87,170.5,68.0,4.52
Casambalangan,43,PH,1580168885,77,18.38,122.13,73.51,4.29
Araouane,0,ML,1580168886,11,18.9,-3.53,71.6,5.55
Gravelbourg,100,CA,1580168887,93,49.88,-106.55,29.7,7.25
Gerash,0,IR,1580168888,62,27.67,54.14,45.05,1.88
Yar-Sale,90,RU,1580168888,97,66.83,70.83,-8.28,12.71
Seoul,90,KR,1580168827,65,37.57,126.98,44.6,5.95
Coffs Harbour,2,AU,1580168890,58,-30.3,153.13,84.99,12.75
Porbandar,12,IN,1580168891,69,21.64,69.61,70.68,20.58
Okhotsk,4,RU,1580168892,69,59.38,143.3,-14.93,8.93
Katsuura,75,JP,1580168893,93,35.13,140.3,39.99,27.51
Pelym,99,RU,1580168893,93,61.01,62.0,-3.19,8.86
Usinsk,88,RU,1580168894,97,65.99,57.53,-20.33,8.59
Ayan,0,RU,1580168895,73,56.45,138.17,8.33,7.81
Samarai,100,PG,1580168896,55,-10.62,150.67,89.1,1.74
Dhidhdhoo,80,MV,1580168896,65,6.88,73.1,81.05,4.43
Mana,100,GF,1580168897,96,5.66,-53.78,74.25,2.44
Agropoli,30,IT,1580168898,79,40.35,15.0,52.0,4.54
Barra de Tecoanapa,0,MX,1580168899,67,16.52,-98.75,80.42,7.4
Minsk,90,BY,1580168635,100,53.9,27.57,30.2,4.47
Chalus,0,IR,1580168900,80,36.66,51.42,41.0,4.76
Banjar,20,ID,1580168901,88,-8.19,114.97,82.4,4.7
Bom Jardim,92,BR,1580168902,74,-7.8,-35.59,78.8,13.87
Jaciara,76,BR,1580168902,89,-15.97,-54.97,74.88,1.32
Mandera,95,KE,1580168903,48,3.94,41.87,84.7,15.73
Shimoda,75,JP,1580168904,93,34.67,138.95,45.0,27.51
High Prairie,82,CA,1580168802,84,55.43,-116.49,27.75,4.56
Tessalit,100,ML,1580168905,9,20.2,1.01,72.34,10.71
Marsabit,94,KE,1580168906,69,2.33,37.99,75.97,18.23
Trinidad,75,BO,1580168861,79,-14.83,-64.9,84.2,4.7
Divnoye,57,RU,1580168908,89,45.91,43.35,38.26,4.38
Dauphin,75,CA,1580168670,85,51.15,-100.05,12.2,2.24
Kulhudhuffushi,98,MV,1580168910,66,6.62,73.07,81.34,5.19
Vao,0,NC,1580168910,80,-22.67,167.48,78.04,15.1
Jennings,90,US,1580168911,92,38.72,-90.26,34.0,6.93
Kaeo,0,NZ,1580168912,60,-35.1,173.78,91.0,1.01
Sumbe,98,AO,1580168912,79,-11.21,13.84,75.11,1.74
Moissala,0,TD,1580168913,17,8.34,17.77,69.78,3.85
Emerald,40,AU,1580168914,74,-23.53,148.17,80.6,10.29
Kasane,98,BW,1580168915,75,-17.82,25.15,69.35,7.4
Ust'-Omchug,100,RU,1580168915,97,61.15,149.63,0.68,4.29
La Grande,75,US,1580168916,86,45.32,-118.09,51.01,3.36
Lethem,82,GY,1580168917,50,3.38,-59.8,87.53,15.75
Lyubech,89,UA,1580168918,87,51.7,30.66,30.97,5.21
Fare,67,PF,1580168918,73,-16.7,-151.02,83.19,9.71
Turukhansk,100,RU,1580168919,89,65.82,87.98,11.79,15.03
Coquimbo,75,CL,1580168920,82,-29.95,-71.34,66.2,8.05
Puerto Rico,68,AR,1580168920,52,-26.8,-55.02,77.22,3.56
Zhanaozen,61,KZ,1580168921,90,43.3,52.8,34.29,7.65
Matara,80,LK,1580168922,88,5.95,80.54,69.21,4.76
Rawah,92,IQ,1580168923,76,34.48,41.91,47.08,3.4
Hirara,75,JP,1580168923,68,24.8,125.28,66.2,10.29
Sibu,75,MY,1580168924,100,2.3,111.82,77.0,1.77
Brigham City,90,US,1580168896,86,41.51,-112.02,44.01,8.05
Uitenhage,100,ZA,1580168926,82,-33.76,25.4,59.0,5.82
Yinchuan,0,CN,1580168926,87,38.47,106.27,21.06,2.35
Jining,5,CN,1580168705,29,35.41,116.58,35.01,2.62
Great Bend,75,US,1580168928,80,38.36,-98.76,37.4,13.87
Port Hawkesbury,90,CA,1580168928,94,45.62,-61.35,37.0,4.7
Uyemskiy,75,RU,1580168929,84,64.47,40.85,-2.2,4.47
Lutkun,0,RU,1580168930,50,41.48,47.69,17.2,8.14
Urusha,78,RU,1580168931,94,54.05,122.9,-5.91,1.81
Ati,61,TD,1580168931,12,13.22,18.34,65.88,8.66
Sibolga,98,ID,1580168932,98,1.74,98.78,71.74,2.15
Vanavara,100,RU,1580168933,92,60.34,102.28,6.8,4.99
Podgornoye,90,RU,1580168933,92,51.73,39.15,32.0,4.47
Sapulpa,1,US,1580168934,34,36.0,-96.11,64.4,3.36
Baykit,100,RU,1580168935,96,61.67,96.37,6.84,2.53
Bay Roberts,75,CA,1580168936,92,47.6,-53.26,36.0,16.11
Ust'-Kulom,81,RU,1580168936,98,61.69,53.69,-14.1,5.37
Rawson,0,AR,1580168773,37,-43.3,-65.1,75.25,8.79
North Battleford,90,CA,1580168938,92,52.78,-108.28,24.01,5.82
Crixas,99,BR,1580168938,98,-14.55,-49.97,69.12,6.78
Goundam,100,ML,1580168939,8,16.41,-3.67,74.57,10.18
Kotma,17,IN,1580168940,50,23.2,81.97,61.38,7.52
Tual,54,ID,1580168941,77,-5.67,132.75,84.13,14.72
Pangnirtung,40,CA,1580168941,60,66.15,-65.71,-25.6,3.36
Sangar,0,RU,1580168942,79,63.92,127.47,-32.64,3.2
Teahupoo,75,PF,1580168943,70,-17.83,-149.27,87.8,6.93
Muros,75,ES,1580168944,93,42.78,-9.06,57.0,4.7
Maracas,87,BR,1580168946,87,-13.44,-40.43,70.81,3.51
Fiditi,39,NG,1580168947,66,7.71,3.92,66.34,0.67
Nome,1,US,1580168948,69,64.5,-165.41,-11.2,7.31
Adeje,20,ES,1580168949,67,28.12,-16.73,62.6,10.29
Moratuwa,81,LK,1580168950,94,6.77,79.88,71.6,4.7
Sirte,0,LY,1580168951,82,31.21,16.59,55.24,5.77
Abhar,0,IR,1580168951,64,36.15,49.22,10.83,2.98
Bereznik,98,RU,1580168952,98,62.86,42.71,-0.06,3.2
Makakilo City,20,US,1580168953,54,21.35,-158.09,80.6,8.05
Orlik,0,RU,1580168953,63,52.52,99.83,-3.3,2.77
Otavi,98,NA,1580168955,64,-19.65,17.33,71.24,4.34
Derzhavinsk,100,KZ,1580168955,94,51.1,66.32,22.41,20.65
Bagotville,90,AU,1580168956,74,-28.98,153.42,82.0,4.7
